INSERT INTO client ("name")
VALUES
  ('Оксана'),
  ('Андрій'),
  ('Ірина'),
  ('Сергій'),
  ('Марія'),
  ('Олег'),
  ('Тетяна'),
  ('Максим'),
  ('Ольга'),
  ('Віктор'),
  ('Наталія'),
  ('Євген'),
  ('Людмила'),
  ('Денис'),
  ('Юлія'),
  ('Павло'),
  ('Марина'),
  ('Анна'),
  ('Єлена'),
  ('Василь'),
  ('Ніна'),
  ('Ігор'),
  ('Світлана'),
  ('Катерина'),
  ('Роман'),
  ('Валентина'),
  ('Михайло'),
  ('Надія'),
  ('Анатолій'),
  ('Владислав'),
  ('Галина'),
  ('Дмитро'),
  ('Єлизавета'),
  ('Іван'),
  ('Софія'),
  ('Станіслав'),
  ('Тамара'),
  ('Ірина'),
  ('Максим'),
  ('Олена'),
  ('Сергій'),
  ('Олександра'),
  ('Андрій'),
  ('Марія'),
  ('Оксана'),
  ('Ігор'),
  ('Лариса'),
  ('Олег'),
  ('Тетяна'),
  ('Марина');

INSERT INTO planet (id, "name")
VALUES
  ('MERC', 'Меркурій'),
  ('VEN', 'Венера'),
  ('EAR', 'Земля'),
  ('MARS', 'Марс'),
  ('JUP', 'Юпітер'),
  ('SAT', 'Сатурн'),
  ('URAN', 'Уран'),
  ('NEPT', 'Нептун');

-- Mercury
-- Venus
-- Earth
-- Mars
-- Jupiter
-- Saturn
-- Uranus
-- Neptune

-- Меркурій
-- Венера
-- Земля
-- Марс
-- Юпітер
-- Сатурн
-- Уран
-- Нептун


INSERT INTO ticket (created_at, client_id, from_planet_id, to_planet_id)
VALUES
  ('2020-03-16 19:40:18', 1, 'MERC', 'EAR'),
  ('2022-04-06 09:28:47', 2, 'MERC', 'VEN'),
  ('2023-02-03 06:02:45', 3, 'MERC', 'EAR'),
  ('2016-05-04 12:57:14', 4, 'MERC', 'MARS'),
  ('2016-07-28 01:12:59', 5, 'MERC', 'JUP'),
  ('2017-07-16 19:23:38', 6, 'MERC', 'SAT'),
  ('2019-01-21 16:56:44', 7, 'VEN', 'URAN'),
  ('2019-10-20 03:18:39', 8, 'VEN', 'NEPT'),
  ('2023-11-19 04:53:05', 9, 'VEN', 'MERC'),
  ('2017-12-13 10:01:56', 10, 'VEN', 'EAR'),
  ('2016-09-25 08:41:17', 11, 'VEN', 'EAR'),
  ('2019-02-14 11:14:51', 12, 'VEN', 'MARS'),
  ('2019-02-24 18:17:17', 13, 'EAR', 'JUP'),
  ('2017-02-09 07:20:12', 14, 'EAR', 'SAT'),
  ('2022-05-27 04:23:59', 15, 'EAR', 'URAN'),
  ('2023-05-05 21:33:14', 16, 'EAR', 'NEPT'),
  ('2023-07-04 16:14:55', 17, 'EAR', 'MERC'),
  ('2017-07-02 07:18:23', 18, 'EAR', 'VEN'),
  ('2018-08-25 20:40:59', 19, 'MARS', 'EAR'),
  ('2017-10-31 03:10:49', 20, 'MARS', 'EAR'),
  ('2019-06-22 06:40:48', 21, 'MARS', 'JUP'),
  ('2016-12-04 10:52:05', 22, 'MARS', 'SAT'),
  ('2016-02-21 17:02:28', 23, 'MARS', 'URAN'),
  ('2020-06-05 09:39:12', 24, 'MARS', 'NEPT'),
  ('2016-04-25 16:07:41', 25, 'JUP', 'MERC'),
  ('2021-07-02 04:12:55', 26, 'JUP', 'VEN'),
  ('2022-11-14 04:12:18', 27, 'JUP', 'EAR'),
  ('2019-03-08 03:14:16', 28, 'JUP', 'MARS'),
  ('2019-06-11 01:09:19', 29, 'JUP', 'EAR'),
  ('2023-09-05 12:11:45', 30, 'JUP', 'SAT'),
  ('2023-08-01 14:48:53', 31, 'SAT', 'URAN'),
  ('2016-09-20 09:57:11', 32, 'SAT', 'NEPT'),
  ('2023-11-17 08:51:12', 33, 'SAT', 'MERC'),
  ('2020-02-03 03:43:40', 34, 'SAT', 'VEN'),
  ('2023-11-30 10:26:48', 35, 'SAT', 'EAR'),
  ('2021-12-06 07:49:00', 36, 'SAT', 'MARS'),
  ('2017-07-26 12:14:55', 37, 'URAN', 'JUP'),
  ('2022-07-03 15:55:03', 38, 'URAN', 'SAT'),
  ('2019-04-02 22:37:17', 39, 'URAN', 'EAR'),
  ('2021-12-08 23:48:02', 40, 'URAN', 'NEPT'),
  ('2022-03-17 02:39:30', 41, 'URAN', 'MERC'),
  ('2016-12-09 22:19:01', 42, 'URAN', 'VEN'),
  ('2019-05-16 16:00:32', 43, 'NEPT', 'EAR'),
  ('2016-07-17 11:31:00', 44, 'NEPT', 'MARS'),
  ('2023-02-26 07:11:54', 45, 'NEPT', 'JUP'),
  ('2018-11-03 18:01:49', 46, 'NEPT', 'SAT'),
  ('2022-12-08 02:50:08', 47, 'NEPT', 'URAN'),
  ('2022-05-03 07:40:51', 48, 'NEPT', 'EAR'),
  ('2016-12-31 15:49:38', 49, 'MERC', 'NEPT'),
  ('2017-09-10 23:25:01', 50, 'MERC', 'URAN');
